State | Type,Full-time faculty,White,Black,Hispanic,Asian,American Indian,Pacific Islander,Two or more,Unknown,Non-resident,Total minority,Female
Academy of Art U.California | Special-Focus,274,65.70%,1.10%,6.20%,5.50%,N/A,1.50%,2.90%,17.20%,N/A,14.20%,38.70%
Advanced CollegeCalifornia | Associate,4,N/A,75.00%,25.00%,N/A,N/A,N/A,N/A,N/A,N/A,100.00%,75.00%
Allan Hancock CollegeCalifornia | Associate,145,72.40%,1.40%,13.10%,5.50%,2.10%,N/A,N/A,0.70%,4.80%,24.80%,53.80%
Alliant International U. at San DiegoCalifornia | Doctoral,180,48.90%,6.10%,5.00%,10.60%,N/A,N/A,1.10%,27.20%,1.10%,22.80%,53.90%
Allied American U.California | Unclassified,17,70.60%,5.90%,11.80%,5.90%,N/A,N/A,N/A,5.90%,N/A,23.50%,47.10%
American Academy of Dramatic Arts at Los AngelesCalifornia | Associate,8,100.00%,N/A,N/A,N/A,N/A,N/A,N/A,N/A,N/A,N/A,75.00%
American Conservatory TheaterCalifornia | Special-Focus,6,66.70%,16.70%,16.70%,N/A,N/A,N/A,N/A,N/A,N/A,33.30%,50.00%
American Film Institute ConservatoryCalifornia | Special-Focus,11,90.90%,9.10%,N/A,N/A,N/A,N/A,N/A,N/A,N/A,9.10%,18.20%
American Jewish U.California | Baccaluareate,15,93.30%,6.70%,N/A,N/A,N/A,N/A,N/A,N/A,N/A,6.70%,40.00%
American River CollegeCalifornia | Associate,388,62.10%,5.10%,11.90%,8.30%,1.30%,0.50%,2.60%,6.70%,1.60%,27.30%,55.70%
American U. of Health SciencesCalifornia | Associate,31,22.60%,38.70%,6.50%,29.00%,N/A,N/A,3.20%,N/A,N/A,74.20%,58.10%
Antelope Valley CollegeCalifornia | Associate,183,73.20%,7.60%,8.20%,5.50%,0.50%,1.10%,N/A,3.80%,N/A,22.40%,48.60%
Antioch U. at Los AngelesCalifornia | Master's,32,81.30%,6.30%,3.10%,9.40%,N/A,N/A,N/A,N/A,N/A,18.80%,53.10%
Antioch U. at Santa Barbara (Calif.)California | Master's,10,80.00%,N/A,20.00%,N/A,N/A,N/A,N/A,N/A,N/A,20.00%,70.00%
Argosy U. San Francisco Bay AreaCalifornia | Special-Focus,9,77.80%,11.10%,N/A,N/A,N/A,N/A,11.10%,N/A,N/A,11.10%,55.60%
Argosy U.-Orange CountyCalifornia | Doctoral,7,71.40%,N/A,N/A,28.60%,N/A,N/A,N/A,N/A,N/A,28.60%,28.60%
Art Center College of DesignCalifornia | Special-Focus,100,78.00%,1.00%,8.00%,6.00%,N/A,N/A,2.00%,2.00%,3.00%,18.00%,28.00%
Art Institute of California at Los AngelesCalifornia | Special-Focus,40,65.00%,5.00%,15.00%,10.00%,N/A,N/A,2.50%,2.50%,N/A,30.00%,17.50%
Art Institute of California at SacramentoCalifornia | Special-Focus,16,81.30%,6.30%,N/A,N/A,N/A,N/A,N/A,12.50%,N/A,6.30%,43.80%
Art Institute of California at San DiegoCalifornia | Special-Focus,33,69.70%,9.10%,9.10%,12.10%,N/A,N/A,N/A,N/A,N/A,30.30%,36.40%
Art Institute of California at San FranciscoCalifornia | Special-Focus,26,84.60%,N/A,N/A,7.70%,N/A,N/A,N/A,7.70%,N/A,7.70%,50.00%
Art Institute of California-HollywoodCalifornia | Special-Focus,26,73.10%,N/A,N/A,11.50%,N/A,N/A,N/A,15.40%,N/A,11.50%,46.20%
Art Institute of California-Inland EmpireCalifornia | Special-Focus,44,63.60%,6.80%,11.40%,13.60%,N/A,N/A,N/A,4.50%,N/A,31.80%,45.50%
Art Institute of California-Orange CountyCalifornia | Special-Focus,38,73.70%,5.30%,5.30%,7.90%,2.60%,N/A,2.60%,2.60%,N/A,18.40%,26.30%
Art Institute of California-Silicon ValleyCalifornia | Special-Focus,11,63.60%,9.10%,N/A,N/A,N/A,N/A,18.20%,9.10%,N/A,9.10%,27.30%
Azusa Pacific Online U.California | Unclassified,6,83.30%,N/A,N/A,16.70%,N/A,N/A,N/A,N/A,N/A,16.70%,33.30%
Azusa Pacific U.California | Doctoral,433,67.40%,6.00%,6.00%,13.90%,0.70%,0.50%,0.20%,4.20%,1.10%,27.50%,52.90%
Bakersfield CollegeCalifornia | Associate,249,75.10%,4.00%,10.00%,4.40%,0.80%,0.40%,N/A,5.20%,N/A,18.90%,48.60%
Barstow Community CollegeCalifornia | Associate,37,70.30%,5.40%,10.80%,2.70%,N/A,2.70%,N/A,8.10%,N/A,21.60%,43.20%
Berkeley City CollegeCalifornia | Associate,56,50.00%,8.90%,14.30%,16.10%,N/A,N/A,3.60%,7.10%,N/A,39.30%,44.60%
Bethel Seminary at San DiegoCalifornia | Special-Focus,5,80.00%,N/A,N/A,20.00%,N/A,N/A,N/A,N/A,N/A,20.00%,N/A
Biola U.California | Doctoral,254,82.30%,2.40%,5.50%,9.10%,0.40%,N/A,N/A,N/A,0.40%,17.30%,35.00%
Brandman U.California | Master's,70,67.10%,8.60%,4.30%,2.90%,N/A,1.40%,N/A,15.70%,N/A,17.10%,62.90%
Bryan College (Calif.)California | Associate,8,50.00%,N/A,25.00%,N/A,N/A,N/A,25.00%,N/A,N/A,25.00%,37.50%
Bryan U. at Los AngelesCalifornia | Associate,30,83.30%,3.30%,6.70%,3.30%,N/A,3.30%,N/A,N/A,N/A,16.70%,53.30%
Butte CollegeCalifornia | Associate,179,89.90%,0.60%,4.50%,3.90%,1.10%,N/A,N/A,N/A,N/A,8.90%,53.60%
Cabrillo CollegeCalifornia | Associate,207,76.30%,1.50%,12.10%,2.90%,N/A,N/A,0.50%,1.90%,4.80%,21.30%,53.10%
Cal State Maritime AcademyCalifornia | Baccaluareate,59,81.40%,1.70%,6.80%,8.50%,N/A,N/A,N/A,1.70%,N/A,17.00%,18.60%
California Baptist U.California | Master's,254,73.20%,2.80%,6.70%,9.40%,N/A,0.40%,2.00%,5.50%,N/A,19.30%,46.10%
California College of the ArtsCalifornia | Special-Focus,91,76.90%,4.40%,6.60%,7.70%,N/A,N/A,2.20%,N/A,2.20%,20.90%,47.30%
California College San DiegoCalifornia | Unclassified,3,66.70%,N/A,33.30%,N/A,N/A,N/A,N/A,N/A,N/A,33.30%,33.30%
California College San DiegoCalifornia | Special-Focus,14,42.90%,7.10%,14.30%,35.70%,N/A,N/A,N/A,N/A,N/A,57.10%,50.00%
California Institute of Integral StudiesCalifornia | Doctoral,56,73.20%,3.60%,10.70%,3.60%,N/A,1.80%,1.80%,N/A,5.40%,25.00%,46.40%
California Institute of TechnologyCalifornia | Doctoral,312,77.90%,1.90%,3.50%,11.20%,N/A,N/A,N/A,N/A,5.50%,22.10%,20.50%
California Institute of the ArtsCalifornia | Special-Focus,151,80.10%,7.30%,4.00%,7.30%,N/A,N/A,N/A,N/A,1.30%,19.90%,41.10%
California Lutheran U.California | Master's,167,77.30%,3.00%,7.80%,7.80%,N/A,N/A,1.20%,N/A,3.00%,21.60%,45.50%
California Polytechnic State U. at San Luis ObispoCalifornia | Master's,751,76.30%,1.50%,5.50%,8.40%,0.30%,0.10%,1.20%,4.80%,2.00%,17.40%,34.00%
California State Polytechnic U. at PomonaCalifornia | Master's,517,56.10%,2.30%,8.50%,22.20%,0.40%,0.40%,0.40%,4.50%,5.20%,38.70%,40.20%
California State U-StanislausCalifornia | Master's,277,67.50%,2.50%,8.70%,12.30%,0.70%,N/A,0.40%,5.40%,2.50%,26.00%,44.80%
California State U. at BakersfieldCalifornia | Master's,252,64.70%,4.00%,12.30%,11.10%,N/A,0.80%,1.20%,2.80%,3.20%,31.40%,51.20%
California State U. at ChicoCalifornia | Master's,480,81.50%,1.30%,3.50%,7.90%,0.40%,N/A,0.60%,3.80%,1.00%,13.80%,41.00%
California State U. at FresnoCalifornia | Master's,657,65.80%,4.10%,10.70%,13.10%,0.10%,N/A,1.10%,2.30%,2.90%,30.80%,43.10%
California State U. at FullertonCalifornia | Master's,893,67.30%,3.30%,7.70%,17.00%,N/A,0.30%,N/A,0.20%,4.10%,32.50%,49.30%
California State U. at Long BeachCalifornia | Master's,954,64.70%,3.10%,8.30%,17.60%,0.40%,N/A,0.70%,3.30%,1.90%,30.90%,47.10%
California State U. at Los AngelesCalifornia | Master's,563,49.90%,4.60%,16.00%,21.90%,0.50%,0.20%,0.70%,4.10%,2.10%,44.80%,49.70%
California State U. at NorthridgeCalifornia | Master's,896,63.30%,5.10%,11.80%,14.10%,0.70%,N/A,1.00%,1.80%,2.20%,33.30%,49.20%
California State U. at SacramentoCalifornia | Master's,667,68.10%,4.00%,7.30%,13.60%,0.90%,0.10%,0.80%,2.90%,2.30%,27.40%,46.60%
California State U. at San BernardinoCalifornia | Master's,436,64.90%,4.80%,9.60%,14.70%,0.50%,0.20%,0.20%,3.70%,1.40%,30.70%,46.60%
California State U. at San MarcosCalifornia | Master's,296,62.80%,2.40%,15.20%,11.20%,1.00%,0.30%,1.00%,3.70%,2.40%,31.40%,58.10%
California State U.-Channel IslandsCalifornia | Master's,165,69.10%,1.80%,15.80%,6.70%,N/A,N/A,2.40%,3.00%,1.20%,25.40%,49.70%
California State U.-Dominguez HillsCalifornia | Master's,290,59.30%,8.60%,10.70%,13.50%,1.00%,N/A,1.00%,5.20%,0.70%,33.50%,54.10%
California State U.-East BayCalifornia | Master's,311,55.30%,6.40%,10.00%,16.40%,1.00%,1.00%,N/A,5.50%,4.50%,38.30%,49.50%
California State U.-Monterey BayCalifornia | Master's,170,54.70%,4.10%,17.10%,15.30%,1.20%,0.60%,N/A,5.90%,1.20%,38.20%,56.50%
California U. of Management and SciencesCalifornia | Unclassified,4,25.00%,N/A,25.00%,50.00%,N/A,N/A,N/A,N/A,N/A,75.00%,50.00%
California Western School of LawCalifornia | Special-Focus,43,88.40%,4.70%,2.30%,4.70%,N/A,N/A,N/A,N/A,N/A,11.60%,41.90%
Cambridge Junior CollegeCalifornia | Associate,4,25.00%,N/A,50.00%,25.00%,N/A,N/A,N/A,N/A,N/A,75.00%,100.00%
Canada CollegeCalifornia | Associate,75,56.00%,5.30%,16.00%,13.30%,N/A,N/A,N/A,9.30%,N/A,34.70%,64.00%
Carrington College California at Citrus Heights (Calif.)California | Associate,9,66.70%,11.10%,N/A,N/A,N/A,N/A,N/A,22.20%,N/A,11.10%,100.00%
Carrington College California at Pleasant Hill (Calif.)California | Associate,21,61.90%,9.50%,4.80%,9.50%,N/A,N/A,N/A,14.30%,N/A,23.80%,85.70%
Carrington College California at Pomona (Calif.)California | Unclassified,11,72.70%,N/A,27.30%,N/A,N/A,N/A,N/A,N/A,N/A,27.30%,81.80%
Carrington College California at SacramentoCalifornia | Associate,27,63.00%,11.10%,7.40%,3.70%,N/A,N/A,7.40%,7.40%,N/A,22.20%,81.50%
Carrington College California at San Jose (Calif.)California | Associate,20,75.00%,5.00%,N/A,10.00%,N/A,N/A,5.00%,5.00%,N/A,15.00%,90.00%
Carrington College California at San Leandro (Calif.)California | Associate,10,30.00%,30.00%,N/A,10.00%,N/A,N/A,10.00%,20.00%,N/A,40.00%,90.00%
Carrington College California at Stockton (Calif.)California | Associate,6,100.00%,N/A,N/A,N/A,N/A,N/A,N/A,N/A,N/A,N/A,83.30%
Casa Loma College at Van Nuys (Calif.)California | Associate,22,31.80%,22.70%,18.20%,13.60%,N/A,N/A,N/A,13.60%,N/A,54.50%,81.80%
CBD CollegeCalifornia | Associate,7,57.10%,N/A,28.60%,14.30%,N/A,N/A,N/A,N/A,N/A,42.90%,28.60%
Cerritos CollegeCalifornia | Associate,270,63.70%,3.70%,21.10%,10.00%,1.10%,N/A,N/A,N/A,0.40%,35.20%,56.30%
Cerro Coso Community CollegeCalifornia | Associate,58,77.60%,N/A,3.50%,5.20%,1.70%,N/A,N/A,12.10%,N/A,8.60%,50.00%
Chabot CollegeCalifornia | Associate,184,57.60%,5.40%,10.90%,12.00%,N/A,N/A,2.20%,7.10%,4.90%,33.10%,54.90%
Chaffey CollegeCalifornia | Associate,206,68.50%,6.30%,15.50%,5.80%,1.00%,N/A,0.50%,1.90%,0.50%,28.20%,58.70%
Chapman U.California | Master's,392,72.70%,2.50%,3.60%,6.60%,0.30%,N/A,0.50%,11.20%,2.50%,15.30%,42.10%
Charles R. Drew U. of Medicine and ScienceCalifornia | Special-Focus,56,25.00%,44.60%,5.40%,23.20%,N/A,N/A,1.80%,N/A,N/A,73.20%,58.90%
Charter College-Canyon CountryCalifornia | Unclassified,15,46.70%,20.00%,13.30%,13.30%,N/A,N/A,6.70%,N/A,N/A,46.70%,73.30%
Chicago School of Professional Psychology at Los AngelesCalifornia | Special-Focus,39,61.50%,17.90%,5.10%,2.60%,N/A,N/A,7.70%,5.10%,N/A,25.60%,46.20%
Church Divinity School of the PacificCalifornia | Special-Focus,5,100.00%,N/A,N/A,N/A,N/A,N/A,N/A,N/A,N/A,N/A,60.00%
Citrus CollegeCalifornia | Associate,160,60.00%,5.60%,22.50%,8.10%,1.90%,1.90%,N/A,N/A,N/A,38.10%,50.00%
City College of San FranciscoCalifornia | Associate,665,55.90%,6.90%,10.40%,18.50%,0.60%,0.10%,0.40%,2.60%,4.50%,40.50%,60.90%
Claremont Graduate U.California | Doctoral,96,74.00%,5.20%,3.10%,14.60%,N/A,N/A,1.00%,N/A,2.10%,25.00%,36.50%
Claremont McKenna CollegeCalifornia | Baccaluareate,160,76.90%,1.30%,5.00%,8.80%,0.60%,N/A,0.60%,1.30%,5.60%,20.60%,31.90%
Claremont School of TheologyCalifornia | Special-Focus,20,65.00%,10.00%,5.00%,15.00%,N/A,N/A,N/A,N/A,5.00%,35.00%,35.00%
CNI CollegeCalifornia | Associate,18,33.30%,5.60%,16.70%,N/A,N/A,27.80%,N/A,16.70%,N/A,50.00%,44.40%
Coastline Community CollegeCalifornia | Associate,42,71.40%,N/A,14.30%,9.50%,N/A,N/A,N/A,2.40%,2.40%,26.20%,57.10%
Cogswell Polytechnical CollegeCalifornia | Baccaluareate,19,52.60%,5.30%,N/A,21.10%,N/A,N/A,10.50%,10.50%,N/A,26.30%,15.80%
College of AlamedaCalifornia | Associate,64,37.50%,20.30%,15.60%,20.30%,N/A,N/A,N/A,6.30%,N/A,56.30%,50.00%
College of MarinCalifornia | Associate,107,73.80%,6.50%,9.30%,5.60%,N/A,N/A,1.90%,2.80%,N/A,21.50%,62.60%
College of San MateoCalifornia | Associate,132,66.70%,9.10%,5.30%,12.10%,0.80%,N/A,N/A,6.10%,N/A,26.50%,55.30%
College of the CanyonsCalifornia | Associate,178,77.00%,3.40%,10.70%,7.90%,1.10%,N/A,N/A,N/A,N/A,21.90%,55.10%
College of the DesertCalifornia | Associate,103,71.80%,5.80%,12.60%,2.90%,N/A,N/A,3.90%,N/A,2.90%,24.30%,46.60%
College of the RedwoodsCalifornia | Associate,81,80.30%,N/A,4.90%,4.90%,N/A,N/A,N/A,9.90%,N/A,9.90%,40.70%
College of the SequoiasCalifornia | Associate,158,65.80%,3.20%,17.10%,3.80%,0.60%,0.60%,N/A,8.90%,N/A,24.70%,52.50%
College of the SiskiyousCalifornia | Associate,37,86.50%,2.70%,5.40%,2.70%,N/A,N/A,2.70%,N/A,N/A,10.80%,37.80%
Columbia College (Calif.)California | Associate,47,72.30%,N/A,10.60%,N/A,2.10%,N/A,2.10%,12.80%,N/A,10.60%,48.90%
Columbia College HollywoodCalifornia | Special-Focus,1,100.00%,N/A,N/A,N/A,N/A,N/A,N/A,N/A,N/A,N/A,N/A
Concorde Career College at Garden Grove (Calif.)California | Associate,27,44.40%,3.70%,18.50%,29.60%,N/A,3.70%,N/A,N/A,N/A,55.60%,66.70%
Concorde Career College at North Hollywood (Calif.)California | Associate,29,41.40%,31.00%,17.20%,10.30%,N/A,N/A,N/A,N/A,N/A,58.60%,69.00%
Concorde Career College at San Bernardino (Calif.)California | Associate,27,51.80%,7.40%,22.20%,14.80%,3.70%,N/A,N/A,N/A,N/A,44.40%,66.70%
Concorde Career College at San DiegoCalifornia | Associate,33,42.40%,18.20%,21.20%,15.20%,N/A,N/A,3.00%,N/A,N/A,54.50%,90.90%
Concordia U. (Calif.)California | Master's,88,85.20%,2.30%,6.80%,2.30%,N/A,N/A,2.30%,N/A,1.10%,12.50%,46.60%
Contra Costa CollegeCalifornia | Associate,88,47.70%,17.10%,13.60%,6.80%,N/A,3.40%,2.30%,9.10%,N/A,40.90%,62.50%
Copper Mountain CollegeCalifornia | Associate,42,85.70%,N/A,9.50%,N/A,2.40%,2.40%,N/A,N/A,N/A,11.90%,52.40%
Cosumnes River CollegeCalifornia | Associate,178,51.10%,6.70%,14.60%,12.40%,1.10%,N/A,6.20%,5.60%,2.30%,36.00%,55.10%
Crafton Hills CollegeCalifornia | Associate,94,68.10%,10.60%,13.80%,7.40%,N/A,N/A,N/A,N/A,N/A,31.90%,51.10%
Cuesta CollegeCalifornia | Associate,153,81.00%,N/A,10.50%,2.00%,1.30%,N/A,0.70%,3.90%,0.70%,13.10%,56.20%
Cuyamaca CollegeCalifornia | Associate,83,78.30%,2.40%,9.60%,3.60%,1.20%,N/A,N/A,N/A,4.80%,20.50%,51.80%
Cypress CollegeCalifornia | Associate,197,55.80%,2.00%,14.20%,9.60%,0.50%,0.50%,4.10%,11.70%,1.50%,27.90%,57.40%
De Anza CollegeCalifornia | Associate,274,55.50%,7.70%,12.40%,17.50%,0.70%,N/A,0.40%,5.10%,0.70%,38.30%,51.50%
DeVry U. of CaliforniaCalifornia | Unclassified,94,57.50%,3.20%,1.10%,25.50%,2.10%,N/A,3.20%,7.40%,N/A,29.80%,14.90%
Diablo Valley CollegeCalifornia | Associate,254,62.20%,5.10%,7.90%,7.10%,0.40%,N/A,0.80%,16.50%,N/A,20.10%,52.80%
Dominican School of Philosophy and TheologyCalifornia | Special-Focus,13,92.30%,N/A,7.70%,N/A,N/A,N/A,N/A,N/A,N/A,7.70%,23.10%
Dominican U. of CaliforniaCalifornia | Master's,98,78.60%,4.10%,3.10%,10.20%,N/A,N/A,1.00%,3.10%,N/A,17.30%,62.20%
Dongguk U.California | Special-Focus,5,N/A,N/A,N/A,100.00%,N/A,N/A,N/A,N/A,N/A,100.00%,40.00%
East Los Angeles CollegeCalifornia | Associate,279,38.70%,3.60%,29.80%,16.50%,N/A,N/A,0.40%,10.80%,0.40%,50.20%,51.60%
El Camino CollegeCalifornia | Associate,329,66.30%,6.10%,12.20%,11.80%,0.30%,N/A,N/A,3.00%,0.30%,30.40%,54.70%
El Camino College at ComptonCalifornia | Associate,90,26.70%,42.20%,22.20%,4.40%,N/A,4.40%,N/A,N/A,N/A,73.30%,51.10%
Empire College School of BusinessCalifornia | Associate,19,94.70%,N/A,N/A,N/A,N/A,5.30%,N/A,N/A,N/A,5.30%,73.70%
Epic Bible CollegeCalifornia | Special-Focus,6,83.30%,N/A,N/A,N/A,16.70%,N/A,N/A,N/A,N/A,N/A,50.00%
Everest College-Los Angeles WilshireCalifornia | Associate,9,11.10%,33.30%,55.60%,N/A,N/A,N/A,N/A,N/A,N/A,88.90%,44.40%
Evergreen Valley CollegeCalifornia | Associate,119,41.20%,8.40%,25.20%,22.70%,0.80%,N/A,0.80%,0.80%,N/A,56.30%,58.80%
Expression College for Digital ArtsCalifornia | Special-Focus,32,90.60%,3.10%,N/A,3.10%,N/A,N/A,N/A,3.10%,N/A,6.30%,15.60%
Fashion Institute of Design and Merchandising at Los AngelesCalifornia | Special-Focus,67,67.20%,13.40%,11.90%,6.00%,N/A,N/A,N/A,1.50%,N/A,31.30%,64.20%
Fashion Institute of Design and Merchandising at San DiegoCalifornia | Associate,2,100.00%,N/A,N/A,N/A,N/A,N/A,N/A,N/A,N/A,N/A,50.00%
Fashion Institute of Design and Merchandising at San FranciscoCalifornia | Associate,9,88.90%,N/A,N/A,11.10%,N/A,N/A,N/A,N/A,N/A,11.10%,55.60%
Fashion Institute of Design and Merchandising-Orange County (Calif.)California | Associate,5,60.00%,20.00%,N/A,N/A,N/A,N/A,N/A,20.00%,N/A,20.00%,100.00%
Feather River CollegeCalifornia | Associate,37,91.90%,2.70%,N/A,N/A,N/A,N/A,N/A,2.70%,2.70%,5.40%,46.00%
Fielding Graduate U.California | Doctoral,58,67.20%,12.10%,10.30%,5.20%,1.70%,N/A,1.70%,1.70%,N/A,27.60%,58.60%
Five Branches U. Graduate School of Traditional Chinese MedicineCalifornia | Special-Focus,1,100.00%,N/A,N/A,N/A,N/A,N/A,N/A,N/A,N/A,N/A,N/A
Folsom Lake CollegeCalifornia | Associate,105,59.10%,2.90%,13.30%,4.80%,2.90%,1.90%,5.70%,7.60%,1.90%,24.80%,52.40%
Foothill CollegeCalifornia | Associate,186,62.90%,5.90%,13.40%,13.40%,N/A,N/A,0.50%,3.80%,N/A,32.80%,60.20%
Four-D CollegeCalifornia | Unclassified,26,26.90%,50.00%,15.40%,3.90%,N/A,N/A,3.90%,N/A,N/A,69.20%,88.50%
Franciscan School of TheologyCalifornia | Special-Focus,4,100.00%,N/A,N/A,N/A,N/A,N/A,N/A,N/A,N/A,N/A,50.00%
Fremont CollegeCalifornia | Associate,4,100.00%,N/A,N/A,N/A,N/A,N/A,N/A,N/A,N/A,N/A,50.00%
Fresno City CollegeCalifornia | Associate,340,60.30%,3.20%,18.80%,6.80%,1.80%,0.30%,N/A,8.20%,0.60%,29.70%,51.50%
Fresno Pacific U.California | Master's,100,87.00%,2.00%,2.00%,4.00%,N/A,N/A,3.00%,2.00%,N/A,8.00%,44.00%
Fuller Theological SeminaryCalifornia | Special-Focus,79,72.20%,7.60%,5.10%,11.40%,1.30%,N/A,2.50%,N/A,N/A,24.10%,29.10%
Fullerton CollegeCalifornia | Associate,287,63.10%,2.10%,9.80%,7.70%,1.40%,N/A,3.10%,10.40%,2.40%,21.90%,50.20%
Gavilan CollegeCalifornia | Associate,77,71.40%,2.60%,19.50%,1.30%,N/A,N/A,N/A,5.20%,N/A,23.40%,62.30%
Glendale Community College (Calif.)California | Associate,239,75.70%,2.10%,8.80%,10.00%,0.80%,1.70%,0.40%,0.40%,N/A,22.60%,55.60%
Golden Gate U.California | Master's,82,81.70%,6.10%,2.40%,8.50%,N/A,1.20%,N/A,N/A,N/A,18.30%,41.50%
Golden West CollegeCalifornia | Associate,127,63.80%,3.90%,13.40%,12.60%,0.80%,0.80%,N/A,3.90%,0.80%,31.50%,60.60%
Graduate Theological UnionCalifornia | Special-Focus,5,80.00%,N/A,N/A,N/A,N/A,N/A,N/A,N/A,20.00%,20.00%,60.00%
Grossmont CollegeCalifornia | Associate,200,67.50%,3.50%,14.50%,7.50%,1.00%,0.50%,N/A,0.50%,5.00%,31.00%,55.00%
Hartnell CollegeCalifornia | Associate,98,57.10%,4.10%,22.40%,11.20%,3.10%,N/A,N/A,2.00%,N/A,37.80%,55.10%
Harvey Mudd CollegeCalifornia | Baccaluareate,94,72.30%,4.30%,3.20%,16.00%,N/A,1.10%,N/A,2.10%,1.10%,25.50%,37.20%
Holy Names U.California | Master's,50,60.00%,14.00%,8.00%,10.00%,N/A,2.00%,4.00%,N/A,2.00%,36.00%,68.00%
Hope International U.California | Baccaluareate,42,90.50%,2.40%,2.40%,4.80%,N/A,N/A,N/A,N/A,N/A,9.50%,40.50%
Humboldt State U.California | Master's,281,79.70%,2.10%,3.60%,5.30%,2.50%,0.40%,N/A,5.30%,1.10%,12.50%,44.10%
Humphreys CollegeCalifornia | Baccaluareate,22,81.80%,4.50%,4.50%,4.50%,N/A,N/A,N/A,4.50%,N/A,13.60%,63.60%
ICDC CollegeCalifornia | Associate,12,50.00%,8.30%,41.70%,N/A,N/A,N/A,N/A,N/A,N/A,50.00%,50.00%
Imperial Valley CollegeCalifornia | Associate,156,37.80%,1.90%,21.80%,2.60%,0.60%,N/A,1.30%,34.00%,N/A,26.30%,51.90%
"Institute of Technology (Clovis, Calif.)California | Associate",92,60.90%,4.30%,10.90%,N/A,1.10%,N/A,N/A,22.80%,N/A,15.20%,40.20%
InterCoast Colleges-OrangeCalifornia | Unclassified,9,33.30%,N/A,33.30%,N/A,N/A,N/A,N/A,33.30%,N/A,33.30%,11.10%
Irvine Valley CollegeCalifornia | Associate,124,57.30%,1.60%,13.70%,12.10%,0.80%,N/A,N/A,11.30%,3.20%,30.60%,46.80%
ITT Technical Institute at Anaheim (Calif.)California | Special-Focus,7,42.90%,N/A,14.30%,42.90%,N/A,N/A,N/A,N/A,N/A,57.10%,42.90%
ITT Technical Institute at Clovis (Calif.)California | Associate,4,75.00%,N/A,25.00%,N/A,N/A,N/A,N/A,N/A,N/A,25.00%,N/A
ITT Technical Institute at Concord (Calif.)California | Associate,2,50.00%,N/A,N/A,50.00%,N/A,N/A,N/A,N/A,N/A,50.00%,N/A
ITT Technical Institute at Corona (Calif.)California | Unclassified,2,50.00%,N/A,N/A,N/A,N/A,50.00%,N/A,N/A,N/A,50.00%,N/A
ITT Technical Institute at Culver City (Calif.)California | Unclassified,2,N/A,N/A,N/A,100.00%,N/A,N/A,N/A,N/A,N/A,100.00%,N/A
ITT Technical Institute at Lathrop (Calif.)California | Special-Focus,4,75.00%,N/A,25.00%,N/A,N/A,N/A,N/A,N/A,N/A,25.00%,25.00%
ITT Technical Institute at National City (Calif.)California | Special-Focus,8,87.50%,N/A,N/A,12.50%,N/A,N/A,N/A,N/A,N/A,12.50%,12.50%
ITT Technical Institute at Oakland (Calif.)California | Unclassified,1,N/A,N/A,N/A,100.00%,N/A,N/A,N/A,N/A,N/A,100.00%,N/A
ITT Technical Institute at Oxnard (Calif.)California | Baccaluareate,3,66.70%,N/A,N/A,33.30%,N/A,N/A,N/A,N/A,N/A,33.30%,33.30%
ITT Technical Institute at Rancho Cordova (Calif.)California | Special-Focus,10,60.00%,N/A,10.00%,30.00%,N/A,N/A,N/A,N/A,N/A,40.00%,60.00%
ITT Technical Institute at San Bernardino (Calif.)California | Baccaluareate,6,66.70%,N/A,16.70%,16.70%,N/A,N/A,N/A,N/A,N/A,33.30%,50.00%
ITT Technical Institute at San Dimas (Calif.)California | Special-Focus,5,40.00%,20.00%,N/A,40.00%,N/A,N/A,N/A,N/A,N/A,60.00%,N/A
ITT Technical Institute at Sylmar (Calif.)California | Baccaluareate,6,33.30%,N/A,33.30%,33.30%,N/A,N/A,N/A,N/A,N/A,66.70%,33.30%
ITT Technical Institute at Torrance (Calif.)California | Special-Focus,3,33.30%,33.30%,N/A,33.30%,N/A,N/A,N/A,N/A,N/A,66.70%,66.70%
John F. Kennedy U.California | Master's,42,83.30%,9.50%,4.80%,2.40%,N/A,N/A,N/A,N/A,N/A,16.70%,64.30%
John Paul the Great Catholic U.California | Unclassified,8,100.00%,N/A,N/A,N/A,N/A,N/A,N/A,N/A,N/A,N/A,12.50%
Kaplan College at Bakersfield (Calif.)California | Associate,4,N/A,N/A,N/A,50.00%,N/A,25.00%,N/A,25.00%,N/A,75.00%,75.00%
Kaplan College at Chula Vista (Calif.)California | Unclassified,3,N/A,N/A,66.70%,N/A,N/A,N/A,N/A,33.30%,N/A,66.70%,66.70%
Kaplan College at Fresno (Calif.)California | Associate,6,N/A,N/A,50.00%,16.70%,N/A,N/A,N/A,33.30%,N/A,66.70%,83.30%
Kaplan College at Palm Springs (Calif.)California | Associate,4,N/A,N/A,N/A,50.00%,N/A,N/A,N/A,50.00%,N/A,50.00%,100.00%
Kaplan College at Riverside (Calif.)California | Associate,3,N/A,N/A,33.30%,N/A,N/A,N/A,N/A,66.70%,N/A,33.30%,100.00%
Kaplan College at Sacramento (Calif.)California | Associate,5,40.00%,N/A,N/A,N/A,N/A,N/A,N/A,60.00%,N/A,N/A,100.00%
Kaplan College at San DiegoCalifornia | Associate,45,48.90%,13.30%,4.40%,11.10%,N/A,2.20%,N/A,20.00%,N/A,31.10%,75.60%
Kaplan College at Vista (Calif.)California | Associate,20,60.00%,10.00%,15.00%,10.00%,N/A,N/A,N/A,5.00%,N/A,35.00%,85.00%
Kaplan College-ModestoCalifornia | Associate,14,35.70%,N/A,N/A,14.30%,N/A,7.10%,N/A,42.90%,N/A,21.40%,64.30%
Kaplan College-North HollywoodCalifornia | Unclassified,17,23.50%,11.80%,29.40%,5.90%,N/A,5.90%,N/A,23.50%,N/A,52.90%,70.60%
Keck Graduate InstituteCalifornia | Associate,28,67.90%,N/A,N/A,32.10%,N/A,N/A,N/A,N/A,N/A,32.10%,35.70%
King's U.California | Special-Focus,10,100.00%,N/A,N/A,N/A,N/A,N/A,N/A,N/A,N/A,N/A,N/A
La Sierra U.California | Master's,102,67.70%,5.90%,8.80%,13.70%,N/A,N/A,3.90%,N/A,N/A,28.40%,43.10%
Laguna College of Art & DesignCalifornia | Special-Focus,15,93.30%,N/A,N/A,6.70%,N/A,N/A,N/A,N/A,N/A,6.70%,26.70%
Lake Tahoe Community CollegeCalifornia | Associate,40,80.00%,N/A,5.00%,5.00%,N/A,N/A,N/A,7.50%,2.50%,12.50%,52.50%
Laney CollegeCalifornia | Associate,133,49.60%,18.80%,11.30%,14.30%,0.80%,N/A,1.50%,3.80%,N/A,44.40%,53.40%
Las Positas CollegeCalifornia | Associate,112,65.20%,1.80%,5.40%,6.30%,1.80%,N/A,N/A,4.50%,15.20%,28.60%,52.70%
Lassen Community CollegeCalifornia | Associate,35,97.10%,N/A,N/A,2.90%,N/A,N/A,N/A,N/A,N/A,2.90%,42.90%
Life Chiropractic College WestCalifornia | Special-Focus,22,90.90%,4.50%,4.50%,N/A,N/A,N/A,N/A,N/A,N/A,9.10%,18.20%
Life Pacific CollegeCalifornia | Special-Focus,9,88.90%,N/A,11.10%,N/A,N/A,N/A,N/A,N/A,N/A,11.10%,22.20%
Loma Linda U.California | Special-Focus,407,64.90%,7.10%,7.40%,17.00%,0.30%,N/A,0.70%,N/A,2.70%,34.20%,56.00%
Long Beach City CollegeCalifornia | Associate,281,64.10%,8.90%,12.10%,9.60%,0.70%,N/A,N/A,N/A,4.60%,35.20%,55.50%
Los Angeles City CollegeCalifornia | Associate,212,57.60%,10.80%,12.70%,9.90%,0.50%,0.50%,0.90%,7.10%,N/A,34.00%,48.10%
Los Angeles County College of Nursing and Allied HealthCalifornia | Associate,36,38.90%,16.70%,25.00%,19.40%,N/A,N/A,N/A,N/A,N/A,61.10%,88.90%
Los Angeles Film SchoolCalifornia | Associate,97,83.50%,2.10%,7.20%,3.10%,N/A,N/A,2.10%,2.10%,N/A,12.40%,14.40%
Los Angeles Harbor CollegeCalifornia | Associate,104,45.20%,12.50%,15.40%,13.50%,N/A,N/A,1.00%,12.50%,N/A,41.30%,55.80%
Los Angeles Mission CollegeCalifornia | Associate,91,56.00%,8.80%,20.90%,7.70%,1.10%,N/A,N/A,4.40%,1.10%,38.50%,57.10%
Los Angeles ORT College at Los AngelesCalifornia | Associate,3,66.70%,33.30%,N/A,N/A,N/A,N/A,N/A,N/A,N/A,33.30%,33.30%
Los Angeles Pierce CollegeCalifornia | Associate,189,73.50%,5.30%,7.90%,6.30%,0.50%,0.50%,1.10%,4.80%,N/A,20.10%,59.30%
Los Angeles Southwest CollegeCalifornia | Associate,77,22.10%,48.00%,11.70%,7.80%,N/A,N/A,N/A,10.40%,N/A,67.50%,57.10%
Los Angeles Trade-Technical CollegeCalifornia | Associate,183,36.10%,18.60%,19.70%,12.00%,1.60%,0.50%,N/A,11.50%,N/A,50.80%,47.50%
Los Angeles Valley CollegeCalifornia | Associate,180,58.90%,8.90%,14.40%,11.70%,1.10%,N/A,1.10%,3.90%,N/A,35.00%,55.00%
Los Medanos CollegeCalifornia | Associate,125,57.60%,9.60%,16.80%,6.40%,N/A,N/A,0.80%,8.80%,N/A,32.80%,52.00%
Los Rios Community College District OfficeCalifornia | Unclassified,1,N/A,N/A,N/A,100.00%,N/A,N/A,N/A,N/A,N/A,100.00%,100.00%
Loyola Marymount U.California | Master's,552,65.60%,6.00%,10.30%,10.50%,0.20%,N/A,1.60%,4.30%,1.50%,28.30%,44.20%
Marshall B. Ketchum U.California | Special-Focus,32,43.80%,N/A,N/A,50.00%,N/A,N/A,6.30%,N/A,N/A,50.00%,50.00%
Marymount California U.California | Associate,28,82.10%,10.70%,3.60%,3.60%,N/A,N/A,N/A,N/A,N/A,17.90%,42.90%
Master's College and SeminaryCalifornia | Baccaluareate,55,92.70%,N/A,N/A,7.30%,N/A,N/A,N/A,N/A,N/A,7.30%,21.80%
Mendocino CollegeCalifornia | Associate,52,84.60%,N/A,9.60%,1.90%,N/A,N/A,1.90%,N/A,1.90%,13.50%,46.20%
Menlo CollegeCalifornia | Baccaluareate,30,80.00%,6.70%,N/A,13.30%,N/A,N/A,N/A,N/A,N/A,20.00%,40.00%
Merced CollegeCalifornia | Associate,168,69.60%,4.80%,14.90%,6.60%,1.80%,N/A,N/A,1.20%,1.20%,27.40%,51.80%
Merritt CollegeCalifornia | Associate,74,43.20%,36.50%,12.20%,8.10%,N/A,N/A,N/A,N/A,N/A,56.80%,62.20%
Mills CollegeCalifornia | Master's,103,67.00%,7.80%,6.80%,13.60%,N/A,N/A,3.90%,1.00%,N/A,28.20%,70.90%
MiraCosta Community College DistrictCalifornia | Associate,178,66.80%,4.50%,19.70%,5.60%,N/A,N/A,2.30%,0.60%,0.60%,30.30%,52.80%
Mission CollegeCalifornia | Associate,150,61.30%,4.70%,10.70%,16.00%,N/A,N/A,1.30%,N/A,6.00%,37.30%,64.70%
Modesto Junior CollegeCalifornia | Associate,219,73.10%,4.10%,8.70%,3.60%,0.90%,N/A,N/A,9.10%,0.50%,16.90%,53.40%
Monterey Institute of International StudiesCalifornia | Master's,67,50.70%,1.50%,4.50%,9.00%,N/A,N/A,N/A,6.00%,28.40%,43.30%,52.20%
Monterey Peninsula CollegeCalifornia | Associate,107,72.90%,3.70%,10.30%,10.30%,0.90%,N/A,N/A,N/A,1.90%,26.20%,50.50%
Moorpark CollegeCalifornia | Associate,159,69.80%,1.30%,13.80%,7.50%,N/A,0.60%,3.80%,3.10%,N/A,23.30%,57.90%
Moreno Valley CollegeCalifornia | Unclassified,78,53.80%,10.30%,16.70%,7.70%,1.30%,N/A,6.40%,N/A,3.90%,38.50%,55.10%
Mount Saint Mary's U. (Calif.)California | Master's,117,72.70%,7.70%,2.60%,7.70%,N/A,N/A,9.40%,N/A,N/A,17.90%,76.10%
Mt. San Antonio CollegeCalifornia | Associate,404,63.10%,5.00%,14.10%,12.10%,0.30%,1.20%,2.00%,0.50%,1.70%,34.20%,51.70%
Mt. San Jacinto CollegeCalifornia | Associate,118,74.60%,5.90%,11.00%,4.20%,2.50%,N/A,N/A,1.70%,N/A,21.20%,50.80%
MTI College (Calif.)California | Associate,24,79.20%,8.30%,4.20%,8.30%,N/A,N/A,N/A,N/A,N/A,20.80%,70.80%
Musicians InstituteCalifornia | Special-Focus,104,64.40%,4.80%,9.60%,5.80%,N/A,N/A,1.90%,13.50%,N/A,20.20%,10.60%
Napa Valley CollegeCalifornia | Associate,97,72.20%,3.10%,18.60%,4.10%,2.10%,N/A,N/A,N/A,N/A,25.80%,57.70%
National Hispanic U.California | Baccaluareate,13,38.50%,N/A,15.40%,7.70%,N/A,N/A,7.70%,30.80%,N/A,23.10%,46.20%
National U.California | Master's,269,66.20%,4.50%,5.20%,7.40%,0.70%,N/A,0.70%,15.20%,N/A,17.10%,50.90%
New York Film Academy at Los AngelesCalifornia | Unclassified,28,64.30%,7.10%,N/A,7.10%,3.60%,N/A,10.70%,7.10%,N/A,14.30%,17.90%
NewSchool of Architecture and DesignCalifornia | Special-Focus,23,87.00%,N/A,8.70%,4.30%,N/A,N/A,N/A,N/A,N/A,13.00%,34.80%
Norco CollegeCalifornia | Unclassified,68,63.20%,5.90%,16.20%,8.80%,N/A,N/A,2.90%,N/A,2.90%,33.80%,50.00%
Notre Dame de Namur U.California | Master's,62,82.30%,1.60%,3.20%,11.30%,1.60%,N/A,N/A,N/A,N/A,16.10%,53.20%
Occidental CollegeCalifornia | Baccaluareate,176,70.50%,5.70%,9.10%,11.40%,N/A,N/A,1.10%,2.30%,N/A,26.10%,47.70%
Ohlone CollegeCalifornia | Associate,114,65.80%,3.50%,10.50%,17.50%,1.80%,N/A,N/A,0.90%,N/A,31.60%,60.50%
Orange Coast CollegeCalifornia | Associate,243,71.60%,4.10%,11.50%,6.60%,N/A,0.40%,0.80%,1.70%,3.30%,25.90%,50.60%
Otis College of Art and DesignCalifornia | Special-Focus,56,78.60%,1.80%,8.90%,7.10%,N/A,N/A,N/A,3.60%,N/A,17.90%,51.80%
Oxnard CollegeCalifornia | Associate,87,49.40%,5.80%,33.30%,6.90%,1.10%,1.10%,2.30%,N/A,N/A,47.10%,54.00%
Pacific College of Oriental Medicine (Calif.)California | Special-Focus,11,54.50%,N/A,9.10%,36.40%,N/A,N/A,N/A,N/A,N/A,45.50%,27.30%
Pacific Lutheran Theological SeminaryCalifornia | Special-Focus,9,66.70%,11.10%,11.10%,11.10%,N/A,N/A,N/A,N/A,N/A,33.30%,44.40%
Pacific Oaks CollegeCalifornia | Special-Focus,11,36.40%,36.40%,27.30%,N/A,N/A,N/A,N/A,N/A,N/A,63.60%,72.70%
Pacific School of ReligionCalifornia | Special-Focus,12,66.70%,16.70%,N/A,16.70%,N/A,N/A,N/A,N/A,N/A,33.30%,58.30%
Pacific States U.California | Special-Focus,6,N/A,N/A,N/A,66.70%,16.70%,N/A,16.70%,N/A,N/A,66.70%,16.70%
Pacific Union CollegeCalifornia | Baccaluareate,91,82.40%,4.40%,4.40%,6.60%,N/A,N/A,N/A,N/A,2.20%,17.60%,49.50%
Pacifica Graduate InstituteCalifornia | Doctoral,34,85.30%,N/A,8.80%,5.90%,N/A,N/A,N/A,N/A,N/A,14.70%,47.10%
Palo Alto U.California | Special-Focus,35,71.40%,5.70%,5.70%,14.30%,N/A,N/A,2.90%,N/A,N/A,25.70%,57.10%
Palo Verde CollegeCalifornia | Associate,27,59.30%,3.70%,25.90%,7.40%,3.70%,N/A,N/A,N/A,N/A,37.00%,25.90%
Palomar CollegeCalifornia | Associate,266,76.70%,1.90%,12.40%,6.40%,1.50%,N/A,0.40%,0.80%,N/A,20.70%,50.00%
Pasadena City CollegeCalifornia | Associate,373,60.60%,8.80%,13.40%,1.60%,1.10%,14.20%,0.30%,N/A,N/A,38.10%,59.50%
Pepperdine U.California | Doctoral,383,82.30%,4.20%,6.00%,5.50%,N/A,0.30%,1.80%,N/A,N/A,15.90%,37.60%
Peralta Community College DistrictCalifornia | Unclassified,1,100.00%,N/A,N/A,N/A,N/A,N/A,N/A,N/A,N/A,N/A,100.00%
Phillips Graduate InstituteCalifornia | Special-Focus,14,71.40%,7.10%,7.10%,N/A,N/A,N/A,7.10%,7.10%,N/A,14.30%,64.30%
Pima Medical Institute-Chula VistaCalifornia | Associate,24,54.20%,4.20%,20.80%,16.70%,N/A,N/A,4.20%,N/A,N/A,41.70%,75.00%
Pitzer CollegeCalifornia | Baccaluareate,83,55.40%,6.00%,13.30%,10.80%,N/A,1.20%,N/A,12.00%,1.20%,32.50%,51.80%
Platt College at San DiegoCalifornia | Special-Focus,11,100.00%,N/A,N/A,N/A,N/A,N/A,N/A,N/A,N/A,N/A,27.30%
Point Loma Nazarene U.California | Master's,137,87.60%,2.90%,4.40%,5.10%,N/A,N/A,N/A,N/A,N/A,12.40%,40.20%
Pomona CollegeCalifornia | Baccaluareate,182,56.60%,2.20%,12.10%,12.60%,N/A,N/A,2.80%,13.20%,0.50%,27.50%,44.00%
Porterville CollegeCalifornia | Associate,59,71.20%,N/A,13.60%,N/A,N/A,N/A,N/A,15.30%,N/A,13.60%,54.20%
Professional Golfers Career CollegeCalifornia | Associate,9,100.00%,N/A,N/A,N/A,N/A,N/A,N/A,N/A,N/A,N/A,N/A
Reedley CollegeCalifornia | Associate,196,60.70%,3.10%,19.40%,3.10%,2.00%,1.00%,N/A,10.70%,N/A,26.50%,48.50%
Rio Hondo CollegeCalifornia | Associate,180,52.20%,3.30%,31.70%,8.90%,1.10%,N/A,1.70%,0.60%,0.60%,44.40%,50.00%
Riverside Community College DistrictCalifornia | Associate,216,69.90%,2.80%,13.90%,5.10%,1.40%,N/A,2.80%,N/A,4.20%,25.90%,50.90%
Sacramento City CollegeCalifornia | Associate,304,60.20%,8.20%,12.20%,6.60%,1.30%,0.30%,3.30%,7.60%,0.30%,27.60%,57.90%
Saddleback CollegeCalifornia | Associate,246,68.30%,2.00%,8.10%,8.10%,0.80%,N/A,N/A,9.30%,3.30%,21.50%,56.90%
Sage CollegeCalifornia | Associate,8,75.00%,N/A,12.50%,12.50%,N/A,N/A,N/A,N/A,N/A,25.00%,87.50%
Saint Mary's College of CaliforniaCalifornia | Master's,203,67.00%,1.50%,6.40%,12.80%,0.50%,N/A,0.50%,7.40%,3.90%,24.60%,51.70%
Samuel Merritt U.California | Special-Focus,109,83.50%,2.80%,0.90%,11.00%,N/A,N/A,1.80%,N/A,N/A,14.70%,75.20%
San Bernardino Valley CollegeCalifornia | Associate,193,51.30%,19.20%,20.20%,8.80%,0.50%,N/A,N/A,N/A,N/A,48.20%,60.60%
San Diego Christian CollegeCalifornia | Baccaluareate,19,89.50%,5.30%,N/A,N/A,N/A,5.30%,N/A,N/A,N/A,10.50%,52.60%
San Diego City CollegeCalifornia | Associate,157,54.10%,12.10%,15.30%,7.00%,N/A,N/A,N/A,11.50%,N/A,34.40%,60.50%
San Diego Mesa CollegeCalifornia | Associate,239,58.60%,8.00%,12.10%,9.20%,0.80%,N/A,N/A,10.90%,0.40%,29.70%,51.00%
San Diego Miramar CollegeCalifornia | Associate,108,61.10%,3.70%,11.10%,10.20%,0.90%,N/A,N/A,13.00%,N/A,25.00%,40.70%
San Diego State U.California | Doctoral,806,71.30%,2.70%,8.20%,10.20%,0.60%,0.30%,0.10%,2.20%,4.30%,25.70%,44.80%
San Francisco Art InstituteCalifornia | Special-Focus,21,81.00%,4.80%,4.80%,4.80%,N/A,N/A,N/A,4.80%,N/A,14.30%,38.10%
San Francisco Conservatory of MusicCalifornia | Special-Focus,29,82.80%,3.50%,6.90%,6.90%,N/A,N/A,N/A,N/A,N/A,17.20%,31.00%
San Francisco State U.California | Master's,790,57.20%,4.70%,7.00%,20.80%,1.40%,N/A,1.40%,6.70%,0.90%,33.30%,49.10%
San Francisco Theological SeminaryCalifornia | Special-Focus,13,61.50%,23.10%,N/A,15.40%,N/A,N/A,N/A,N/A,N/A,38.50%,46.20%
San Joaquin College of LawCalifornia | Special-Focus,9,100.00%,N/A,N/A,N/A,N/A,N/A,N/A,N/A,N/A,N/A,55.60%
San Joaquin Delta CollegeCalifornia | Associate,198,56.60%,4.50%,13.60%,7.60%,1.50%,1.50%,N/A,14.60%,N/A,27.30%,49.50%
San Joaquin Valley College at BakersfieldCalifornia | Associate,32,71.90%,6.30%,12.50%,3.10%,N/A,N/A,6.30%,N/A,N/A,21.90%,53.10%
San Joaquin Valley College at FresnoCalifornia | Associate,24,70.80%,4.20%,20.80%,4.20%,N/A,N/A,N/A,N/A,N/A,29.20%,70.80%
San Joaquin Valley College at Lancaster (Calif.)California | Unclassified,7,71.40%,28.60%,N/A,N/A,N/A,N/A,N/A,N/A,N/A,28.60%,71.40%
San Joaquin Valley College at ModestoCalifornia | Associate,15,73.30%,13.30%,6.70%,6.70%,N/A,N/A,N/A,N/A,N/A,26.70%,80.00%
San Joaquin Valley College at OntarioÊ(Calif.)California | Associate,32,65.60%,6.30%,18.80%,9.40%,N/A,N/A,N/A,N/A,N/A,34.40%,56.30%
San Joaquin Valley College at Rancho CordovaCalifornia | Associate,7,85.70%,N/A,N/A,N/A,14.30%,N/A,N/A,N/A,N/A,N/A,57.10%
San Joaquin Valley College at TemeculaCalifornia | Unclassified,13,84.60%,N/A,7.70%,N/A,7.70%,N/A,N/A,N/A,N/A,7.70%,46.20%
San Joaquin Valley College at VisaliaCalifornia | Associate,72,65.30%,5.60%,12.50%,6.90%,N/A,N/A,9.70%,N/A,N/A,25.00%,68.10%
San Joaquin Valley College-Victor ValleyCalifornia | Associate,14,35.70%,21.40%,35.70%,N/A,N/A,N/A,7.10%,N/A,N/A,57.10%,64.30%
San Jose City CollegeCalifornia | Associate,99,47.50%,10.10%,21.20%,20.20%,1.00%,N/A,N/A,N/A,N/A,51.50%,56.60%
San Jose State U.California | Master's,696,60.80%,2.90%,5.80%,20.50%,0.70%,0.10%,0.90%,6.60%,1.70%,31.00%,48.00%
Santa Ana CollegeCalifornia | Associate,217,61.30%,2.30%,21.20%,10.60%,1.80%,N/A,N/A,1.40%,1.40%,35.50%,53.90%
Santa Barbara Business College at Bakersfield (Calif.)California | Associate,18,66.70%,N/A,16.70%,5.60%,N/A,N/A,N/A,11.10%,N/A,22.20%,55.60%
Santa Barbara Business College at Santa Maria (Calif.)California | Associate,5,20.00%,N/A,60.00%,20.00%,N/A,N/A,N/A,N/A,N/A,80.00%,80.00%
Santa Barbara City CollegeCalifornia | Associate,362,76.20%,2.50%,14.90%,1.40%,1.10%,N/A,N/A,1.40%,2.50%,21.30%,55.80%
Santa Clara U.California | Master's,508,72.00%,2.80%,7.70%,11.60%,N/A,0.80%,1.20%,1.40%,2.60%,25.40%,42.70%
Santa Monica CollegeCalifornia | Associate,308,56.50%,11.40%,13.60%,10.70%,N/A,0.70%,0.30%,0.30%,6.50%,42.90%,57.10%
Santa Rosa Junior CollegeCalifornia | Associate,288,79.90%,1.00%,6.90%,6.90%,2.10%,N/A,0.40%,2.80%,N/A,14.90%,56.60%
Santiago Canyon CollegeCalifornia | Associate,101,69.30%,1.00%,15.80%,7.90%,2.00%,N/A,N/A,3.00%,1.00%,25.70%,64.40%
Saybrook U.California | Special-Focus,33,75.80%,12.10%,3.00%,N/A,N/A,3.00%,N/A,6.10%,N/A,18.20%,42.40%
Scripps CollegeCalifornia | Baccaluareate,88,69.30%,2.30%,9.10%,10.20%,N/A,N/A,2.30%,3.40%,3.40%,25.00%,56.80%
Shasta CollegeCalifornia | Associate,122,83.60%,2.50%,5.70%,1.60%,1.60%,0.80%,N/A,3.30%,0.80%,11.50%,46.70%
Sierra CollegeCalifornia | Associate,215,78.60%,2.80%,5.60%,3.70%,N/A,N/A,0.90%,7.90%,0.50%,12.60%,58.60%
Simpson U. (Calif.)California | Baccaluareate,50,88.00%,N/A,2.00%,N/A,2.00%,N/A,8.00%,N/A,N/A,2.00%,38.00%
Skyline CollegeCalifornia | Associate,131,51.10%,6.10%,17.60%,17.60%,N/A,N/A,N/A,6.90%,0.80%,42.00%,47.30%
Sofia U.California | Special-Focus,25,96.00%,N/A,N/A,4.00%,N/A,N/A,N/A,N/A,N/A,4.00%,56.00%
Soka U. of AmericaCalifornia | Baccaluareate,47,63.80%,2.10%,6.40%,23.40%,N/A,N/A,N/A,N/A,4.30%,36.20%,44.70%
Solano Community CollegeCalifornia | Associate,149,78.50%,7.40%,10.10%,4.00%,N/A,N/A,N/A,N/A,N/A,21.50%,56.40%
Sonoma State U.California | Master's,246,77.60%,1.60%,5.70%,8.50%,0.40%,0.40%,1.60%,3.70%,0.40%,16.70%,48.40%
South Baylo U.California | Special-Focus,19,N/A,N/A,N/A,100.00%,N/A,N/A,N/A,N/A,N/A,100.00%,36.80%
Southern California Institute of ArchitectureCalifornia | Special-Focus,28,82.10%,N/A,7.10%,3.60%,N/A,N/A,N/A,N/A,7.10%,17.90%,35.70%
Southern California Institute of TechnologyCalifornia | Baccaluareate,6,50.00%,N/A,33.30%,16.70%,N/A,N/A,N/A,N/A,N/A,50.00%,N/A
Southern California U. of Health SciencesCalifornia | Special-Focus,27,70.40%,N/A,3.70%,22.20%,3.70%,N/A,N/A,N/A,N/A,25.90%,29.60%
Southwestern College (Calif.)California | Associate,183,57.40%,4.40%,22.40%,5.50%,1.10%,2.70%,N/A,6.60%,N/A,35.00%,55.20%
Southwestern Law SchoolCalifornia | Special-Focus,68,75.00%,4.40%,10.30%,5.90%,N/A,N/A,2.90%,N/A,1.50%,22.10%,47.10%
Stanbridge CollegeCalifornia | Associate,14,71.40%,7.10%,7.10%,14.30%,N/A,N/A,N/A,N/A,N/A,28.60%,85.70%
Stanford U.California | Doctoral,"1,872",67.70%,2.60%,3.20%,14.60%,0.20%,N/A,0.90%,2.50%,8.40%,28.80%,26.20%
SUM Bible College and Theological SeminaryCalifornia | Special-Focus,4,50.00%,N/A,N/A,50.00%,N/A,N/A,N/A,N/A,N/A,50.00%,50.00%
Taft CollegeCalifornia | Associate,40,85.00%,5.00%,5.00%,2.50%,2.50%,N/A,N/A,N/A,N/A,12.50%,50.00%
Taft U. systemCalifornia | Special-Focus,24,100.00%,N/A,N/A,N/A,N/A,N/A,N/A,N/A,N/A,N/A,45.80%
Thomas Aquinas CollegeCalifornia | Baccaluareate,31,83.90%,N/A,3.20%,N/A,N/A,N/A,6.50%,3.20%,3.20%,6.50%,12.90%
Thomas Jefferson School of LawCalifornia | Special-Focus,42,78.60%,4.80%,4.80%,4.80%,2.40%,N/A,4.80%,N/A,N/A,14.30%,50.00%
Touro U. CaliforniaCalifornia | Unclassified,102,74.50%,3.90%,3.90%,16.70%,N/A,N/A,1.00%,N/A,N/A,24.50%,59.80%
Touro U. WorldwideCalifornia | Unclassified,10,80.00%,20.00%,N/A,N/A,N/A,N/A,N/A,N/A,N/A,20.00%,50.00%
Trident U. InternationalCalifornia | Doctoral,38,42.10%,5.30%,7.90%,10.50%,N/A,N/A,2.60%,31.60%,N/A,23.70%,50.00%
Trinity Law and Graduate SchoolCalifornia | Special-Focus,4,75.00%,N/A,N/A,25.00%,N/A,N/A,N/A,N/A,N/A,25.00%,25.00%
U. of Antelope ValleyCalifornia | Associate,19,57.90%,21.10%,10.50%,10.50%,N/A,N/A,N/A,N/A,N/A,42.10%,36.80%
U. of California at BerkeleyCalifornia | Doctoral,"1,647",66.10%,2.90%,5.20%,13.70%,0.10%,0.10%,0.40%,7.00%,4.40%,26.40%,35.00%
U. of California at DavisCalifornia | Doctoral,"2,094",68.60%,1.90%,4.70%,18.10%,0.50%,N/A,0.10%,3.10%,3.00%,27.70%,34.40%
U. of California at IrvineCalifornia | Doctoral,"1,566",65.30%,2.40%,4.90%,21.50%,0.60%,0.30%,0.30%,1.00%,3.70%,32.80%,36.60%
U. of California at Los AngelesCalifornia | Doctoral,"3,090",64.50%,2.60%,5.10%,22.10%,0.30%,0.10%,0.10%,1.70%,3.40%,33.40%,35.10%
U. of California at MercedCalifornia | Unclassified,269,63.20%,1.90%,11.50%,16.00%,1.10%,N/A,0.70%,1.10%,4.50%,33.80%,43.10%
U. of California at RiversideCalifornia | Doctoral,721,64.50%,3.50%,6.40%,18.70%,0.70%,N/A,0.30%,1.10%,4.90%,33.40%,33.30%
U. of California at San DiegoCalifornia | Doctoral,"2,012",69.00%,1.90%,5.40%,16.80%,0.30%,0.10%,0.10%,0.40%,6.10%,30.30%,31.40%
U. of California at San FranciscoCalifornia | Special-Focus,"1,924",63.40%,2.20%,3.60%,22.00%,0.30%,N/A,0.40%,2.50%,5.50%,33.40%,44.30%
U. of California at Santa BarbaraCalifornia | Doctoral,899,73.50%,2.20%,6.60%,9.80%,0.60%,N/A,0.20%,1.00%,6.10%,24.70%,35.80%
U. of California at Santa CruzCalifornia | Doctoral,548,71.40%,2.20%,8.80%,13.30%,1.60%,N/A,0.20%,0.90%,1.60%,25.90%,39.40%
U. of California-Hastings College of the LawCalifornia | Special-Focus,68,76.50%,7.30%,4.40%,8.80%,1.50%,N/A,N/A,N/A,1.50%,22.10%,48.50%
U. of La VerneCalifornia | Doctoral,228,68.40%,4.80%,7.90%,11.00%,N/A,N/A,N/A,7.90%,N/A,23.70%,51.70%
U. of Phoenix-Bay Area (Calif.)California | Master's,17,58.80%,29.40%,N/A,5.90%,N/A,N/A,N/A,N/A,5.90%,41.20%,47.10%
U. of Phoenix-Central Valley (Calif.)California | Master's,36,69.40%,8.30%,16.70%,5.60%,N/A,N/A,N/A,N/A,N/A,30.60%,41.70%
U. of Phoenix-Sacramento Valley (Calif.)California | Master's,44,72.70%,15.90%,4.50%,4.50%,2.30%,N/A,N/A,N/A,N/A,25.00%,52.30%
U. of Phoenix-San Diego CampusCalifornia | Master's,51,74.50%,3.90%,13.70%,5.90%,N/A,2.00%,N/A,N/A,N/A,25.50%,45.10%
U. of Phoenix-Southern California CampusCalifornia | Master's,72,62.50%,15.30%,11.10%,9.70%,N/A,N/A,N/A,N/A,1.40%,37.50%,48.60%
U. of RedlandsCalifornia | Master's,198,78.80%,4.00%,3.00%,11.10%,0.50%,N/A,N/A,1.50%,1.00%,19.20%,47.50%
U. of San DiegoCalifornia | Doctoral,405,77.50%,2.20%,8.40%,7.90%,0.50%,N/A,1.00%,0.30%,2.20%,20.70%,46.40%
U. of San FranciscoCalifornia | Doctoral,459,59.90%,5.20%,8.10%,10.50%,0.70%,0.20%,3.00%,7.80%,4.60%,28.50%,48.60%
U. of Southern CaliforniaCalifornia | Doctoral,"2,146",69.70%,2.80%,4.70%,13.80%,0.10%,N/A,1.60%,4.10%,3.20%,24.50%,34.40%
U. of St. Augustine for Health SciencesCalifornia | Special-Focus,55,80.00%,3.60%,N/A,N/A,N/A,N/A,1.80%,12.70%,1.80%,5.50%,61.80%
U. of the PacificCalifornia | Doctoral,421,71.00%,2.10%,3.60%,13.30%,N/A,N/A,N/A,5.90%,4.00%,23.00%,41.30%
U. of the WestCalifornia | Baccaluareate,16,31.30%,6.30%,6.30%,37.50%,N/A,N/A,6.30%,N/A,12.50%,62.50%,18.80%
United Education InstituteCalifornia | Unclassified,25,28.00%,8.00%,12.00%,N/A,4.00%,N/A,4.00%,44.00%,N/A,20.00%,52.00%
United States U.California | Baccaluareate,4,50.00%,N/A,25.00%,N/A,N/A,N/A,25.00%,N/A,N/A,25.00%,75.00%
Unitek CollegeCalifornia | Unclassified,50,48.00%,8.00%,6.00%,32.00%,N/A,N/A,6.00%,N/A,N/A,46.00%,90.00%
Vanguard U. of Southern CaliforniaCalifornia | Baccaluareate,67,85.10%,1.50%,3.00%,9.00%,N/A,N/A,1.50%,N/A,N/A,13.40%,46.30%
Ventura CollegeCalifornia | Associate,142,70.40%,2.80%,15.50%,7.80%,N/A,N/A,1.40%,2.10%,N/A,26.10%,45.80%
Victor Valley CollegeCalifornia | Associate,123,74.00%,5.70%,11.40%,4.90%,4.10%,N/A,N/A,N/A,N/A,21.90%,42.30%
West Coast U. at OntarioCalifornia | Unclassified,27,44.40%,14.80%,14.80%,18.50%,3.70%,3.70%,N/A,N/A,N/A,51.80%,88.90%
West Coast U.-Los AngelesCalifornia | Special-Focus,42,42.90%,11.90%,4.80%,40.50%,N/A,N/A,N/A,N/A,N/A,57.10%,66.70%
West Coast U.-Orange CountyCalifornia | Unclassified,35,42.90%,2.90%,5.70%,45.70%,N/A,2.90%,N/A,N/A,N/A,57.10%,77.10%
West Hills College Coalinga (Calif.)California | Associate,33,84.90%,3.00%,9.10%,3.00%,N/A,N/A,N/A,N/A,N/A,15.20%,39.40%
West Hills College Lemoore (Calif.)California | Associate,37,83.80%,N/A,10.80%,2.70%,N/A,2.70%,N/A,N/A,N/A,16.20%,35.10%
West Los Angeles CollegeCalifornia | Associate,95,43.20%,21.10%,12.60%,12.60%,N/A,N/A,N/A,10.50%,N/A,46.30%,55.80%
West Valley CollegeCalifornia | Associate,168,67.90%,3.60%,13.10%,9.50%,0.60%,0.60%,N/A,N/A,4.80%,31.60%,64.30%
Western State College of LawCalifornia | Special-Focus,24,54.20%,16.70%,4.20%,12.50%,4.20%,N/A,4.20%,4.20%,N/A,33.30%,54.20%
Western U. of Health SciencesCalifornia | Special-Focus,273,46.50%,2.20%,5.10%,20.90%,N/A,N/A,3.70%,10.30%,11.40%,39.60%,50.90%
Westminster Theological Seminary in CaliforniaCalifornia | Special-Focus,11,81.80%,N/A,N/A,18.20%,N/A,N/A,N/A,N/A,N/A,18.20%,N/A
Westmont CollegeCalifornia | Baccaluareate,96,86.50%,1.00%,4.20%,7.30%,1.00%,N/A,N/A,N/A,N/A,12.50%,38.50%
Whittier CollegeCalifornia | Baccaluareate,147,72.10%,4.80%,13.60%,6.10%,N/A,N/A,N/A,2.00%,1.40%,25.90%,53.70%
William Jessup U.California | Special-Focus,30,83.30%,3.30%,6.70%,3.30%,3.30%,N/A,N/A,N/A,N/A,13.30%,23.30%
Woodbury U.California | Master's,79,84.80%,1.30%,5.10%,8.90%,N/A,N/A,N/A,N/A,N/A,15.20%,49.40%
Woodland Community CollegeCalifornia | Associate,34,70.60%,2.90%,8.80%,11.80%,2.90%,N/A,N/A,N/A,2.90%,26.50%,58.80%
Wright InstituteCalifornia | Special-Focus,13,53.80%,15.40%,15.40%,7.70%,N/A,N/A,7.70%,N/A,N/A,38.50%,84.60%
Yo San U. of Traditional Chinese MedicineCalifornia | Special-Focus,2,N/A,N/A,N/A,100.00%,N/A,N/A,N/A,N/A,N/A,100.00%,50.00%
Yuba CollegeCalifornia | Associate,82,75.60%,3.70%,8.50%,7.30%,1.20%,N/A,1.20%,2.40%,N/A,19.50%,46.30%
